"id";"value";"time";"read"
4;1.62083;"1619466633.7256";"0"
2;0.835227;"1619466633.2256";"0"
1;9.61882e-09;"1619466632.9756";"0"
6;1.8054;"1619466634.2256";"0"
5;1.76568;"1619466633.9756";"0"
3;1.18265;"1619466633.4756";"0"
7;1.82461;"1619466634.4756";"0"
9;1.90403;"1619466634.9756";"0"
10;1.93862;"1619466635.2256";"0"
11;1.96316;"1619466635.4756";"0"
8;1.85536;"1619466634.7256";"0"
12;1.99391;"1619466635.7256";"0"
15;2.04515;"1619466636.4756";"0"
17;2.03746;"1619466636.9756";"0"
13;2.02081;"1619466635.9756";"0"
18;2.02977;"1619466637.2256";"0"
16;2.0413;"1619466636.7256";"0"
14;2.03234;"1619466636.2256";"0"
21;2.01568;"1619466637.9756";"0"
23;2.00415;"1619466638.4756";"0"
19;2.03105;"1619466637.4756";"0"
20;2.02337;"1619466637.7256";"0"
22;2.00543;"1619466638.2256";"0"
24;1.99775;"1619466638.7256";"0"
26;1.98878;"1619466639.2256";"0"
28;1.98366;"1619466639.7256";"0"
25;1.99262;"1619466638.9756";"0"
29;1.97341;"1619466639.9756";"0"
30;1.97341;"1619466640.2256";"0"
27;1.99006;"1619466639.4756";"0"
34;1.96828;"1619466641.2256";"0"
31;1.97597;"1619466640.4756";"0"
35;1.96444;"1619466641.4756";"0"
36;1.96957;"1619466641.7256";"0"
32;1.97597;"1619466640.7256";"0"
33;1.97597;"1619466640.9756";"0"
37;1.967;"1619466641.9756";"0"
38;1.96316;"1619466642.2256";"0"
41;1.96828;"1619466642.9756";"0"
40;1.95547;"1619466642.7256";"0"
39;1.95676;"1619466642.4756";"0"
42;1.97341;"1619466643.2256";"0"
44;1.99134;"1619466643.7256";"0"
43;1.9811;"1619466643.4756";"0"
45;1.99391;"1619466643.9756";"0"
46;2.00928;"1619466644.2256";"0"
48;2.03874;"1619466644.7256";"0"
47;2.02209;"1619466644.4756";"0"
49;2.07333;"1619466644.9756";"0"
51;2.14763;"1619466645.4756";"0"
54;2.25139;"1619466646.2256";"0"
50;2.11048;"1619466645.2256";"0"
52;2.1899;"1619466645.7256";"0"
53;2.22321;"1619466645.9756";"0"
57;2.2437;"1619466646.9756";"0"
59;2.24114;"1619466647.4756";"0"
56;2.24627;"1619466646.7256";"0"
55;2.25523;"1619466646.4756";"0"
58;2.24242;"1619466647.2256";"0"
60;2.23474;"1619466647.7256";"0"
63;2.22065;"1619466648.4756";"0"
64;2.19246;"1619466648.7256";"0"
61;2.23346;"1619466647.9756";"0"
62;2.22193;"1619466648.2256";"0"
66;2.163;"1619466649.2256";"0"
65;2.17709;"1619466648.9756";"0"
69;2.14507;"1619466649.9756";"0"
71;2.13994;"1619466650.4756";"0"
70;2.14122;"1619466650.2256";"0"
68;2.1566;"1619466649.7256";"0"
67;2.15531;"1619466649.4756";"0"
72;2.13097;"1619466650.7256";"0"
74;2.12073;"1619466651.2256";"0"
78;2.11432;"1619466652.2256";"0"
77;2.10792;"1619466651.9756";"0"
73;2.12713;"1619466650.9756";"0"
75;2.12329;"1619466651.4756";"0"
76;2.11816;"1619466651.7256";"0"
80;2.10664;"1619466652.7256";"0"
83;2.11432;"1619466653.4756";"0"
81;2.11304;"1619466652.9756";"0"
82;2.1092;"1619466653.2256";"0"
84;2.11048;"1619466653.7256";"0"
79;2.11304;"1619466652.4756";"0"
86;2.11176;"1619466654.2256";"0"
90;2.13354;"1619466655.2256";"0"
88;2.12585;"1619466654.7256";"0"
85;2.10792;"1619466653.9756";"0"
87;2.11176;"1619466654.4756";"0"
89;2.12969;"1619466654.9756";"0"
91;2.13866;"1619466655.4756";"0"
94;2.14122;"1619466656.2256";"0"
95;2.13994;"1619466656.4756";"0"
92;2.14378;"1619466655.7256";"0"
93;2.14763;"1619466655.9756";"0"
96;2.13994;"1619466656.7256";"0"
102;2.11816;"1619466658.2256";"0"
98;2.13482;"1619466657.2256";"0"
101;2.12201;"1619466657.9756";"0"
99;2.13226;"1619466657.4756";"0"
97;2.13482;"1619466656.9756";"0"
100;2.12457;"1619466657.7256";"0"
104;2.11176;"1619466658.7256";"0"
103;2.11816;"1619466658.4756";"0"
106;2.10792;"1619466659.2256";"0"
107;2.11176;"1619466659.4756";"0"
108;2.11304;"1619466659.7256";"0"
105;2.1156;"1619466658.9756";"0"
112;2.11816;"1619466660.7256";"0"
113;2.12073;"1619466660.9756";"0"
109;2.10664;"1619466659.9756";"0"
111;2.1156;"1619466660.4756";"0"
110;2.11816;"1619466660.2256";"0"
114;2.12585;"1619466661.2256";"0"
118;2.11688;"1619466662.2256";"0"
115;2.12585;"1619466661.4756";"0"
116;2.12713;"1619466661.7256";"0"
117;2.11816;"1619466661.9756";"0"
119;2.11816;"1619466662.4756";"0"
120;2.11432;"1619466662.7256";"0"
122;2.11176;"1619466663.2256";"0"
123;2.10279;"1619466663.4756";"0"
125;2.10151;"1619466663.9756";"0"
121;2.11176;"1619466662.9756";"0"
126;2.09639;"1619466664.2256";"0"
124;2.10151;"1619466663.7256";"0"
127;2.10023;"1619466664.4756";"0"
129;2.10023;"1619466664.9756";"0"
130;2.10535;"1619466665.2256";"0"
128;2.09511;"1619466664.7256";"0"
132;2.11304;"1619466665.7256";"0"
131;2.10407;"1619466665.4756";"0"
134;2.11432;"1619466666.2256";"0"
135;2.11432;"1619466666.4756";"0"
136;2.12073;"1619466666.7256";"0"
133;2.1156;"1619466665.9756";"0"
138;2.11304;"1619466667.2256";"0"
137;2.11432;"1619466666.9756";"0"
140;2.1092;"1619466667.7256";"0"
139;2.11048;"1619466667.4756";"0"
141;2.10407;"1619466667.9756";"0"
144;2.11048;"1619466668.7256";"0"
143;2.10664;"1619466668.4756";"0"
142;2.10664;"1619466668.2256";"0"
146;2.09767;"1619466669.2256";"0"
147;2.09639;"1619466669.4756";"0"
145;2.10151;"1619466668.9756";"0"
148;2.09639;"1619466669.7256";"0"
149;2.09639;"1619466669.9756";"0"
150;2.08486;"1619466670.2256";"0"
151;2.08998;"1619466670.4756";"0"
153;2.11048;"1619466670.9756";"0"
156;2.11688;"1619466671.7256";"0"
152;2.09639;"1619466670.7256";"0"
154;2.1156;"1619466671.2256";"0"
155;2.11688;"1619466671.4756";"0"
159;2.10792;"1619466672.4756";"0"
160;2.1092;"1619466672.7256";"0"
158;2.11432;"1619466672.2256";"0"
161;2.10664;"1619466672.9756";"0"
157;2.11945;"1619466671.9756";"0"
162;2.10535;"1619466673.2256";"0"
163;2.10407;"1619466673.4756";"0"
164;2.1092;"1619466673.7256";"0"
167;2.1899;"1619466674.4756";"0"
165;2.13226;"1619466673.9756";"0"
168;2.23218;"1619466674.7256";"0"
166;2.1566;"1619466674.2256";"0"
173;2.2911;"1619466675.9756";"0"
171;2.30263;"1619466675.4756";"0"
172;2.29238;"1619466675.7256";"0"
170;2.29366;"1619466675.2256";"0"
174;2.27957;"1619466676.2256";"0"
169;2.27445;"1619466674.9756";"0"
177;2.23602;"1619466676.9756";"0"
178;2.22321;"1619466677.2256";"0"
180;2.20784;"1619466677.7256";"0"
179;2.21424;"1619466677.4756";"0"
175;2.26804;"1619466676.4756";"0"
176;2.25523;"1619466676.7256";"0"
183;2.18862;"1619466678.4756";"0"
181;2.20656;"1619466677.9756";"0"
184;2.1835;"1619466678.7256";"0"
182;2.19503;"1619466678.2256";"0"
185;2.18222;"1619466678.9756";"0"
186;2.17837;"1619466679.2256";"0"
187;2.18222;"1619466679.4756";"0"
188;2.17453;"1619466679.7256";"0"
190;2.17069;"1619466680.2256";"0"
192;2.17197;"1619466680.7256";"0"
191;2.17069;"1619466680.4756";"0"
189;2.17453;"1619466679.9756";"0"
195;2.15788;"1619466681.4756";"0"
193;2.17069;"1619466680.9756";"0"
197;2.1566;"1619466681.9756";"0"
196;2.15788;"1619466681.7256";"0"
194;2.15916;"1619466681.2256";"0"
198;2.15275;"1619466682.2256";"0"
200;2.15531;"1619466682.7256";"0"
201;2.15147;"1619466682.9756";"0"
203;2.14891;"1619466683.4756";"0"
204;2.15147;"1619466683.7256";"0"
199;2.15531;"1619466682.4756";"0"
202;2.15019;"1619466683.2256";"0"
205;2.15019;"1619466683.9756";"0"
208;2.16172;"1619466684.7256";"0"
207;2.16044;"1619466684.4756";"0"
209;2.17069;"1619466684.9756";"0"
210;2.17453;"1619466685.2256";"0"
206;2.15403;"1619466684.2256";"0"
216;2.17709;"1619466686.7256";"0"
214;2.18606;"1619466686.2256";"0"
215;2.17837;"1619466686.4756";"0"
212;2.18606;"1619466685.7256";"0"
213;2.18862;"1619466685.9756";"0"
211;2.18478;"1619466685.4756";"0"
217;2.17581;"1619466686.9756";"0"
220;2.17325;"1619466687.7256";"0"
221;2.16941;"1619466687.9756";"0"
219;2.17197;"1619466687.4756";"0"
218;2.17709;"1619466687.2256";"0"
222;2.163;"1619466688.2256";"0"
223;2.163;"1619466688.4756";"0"
224;2.15916;"1619466688.7256";"0"
226;2.1566;"1619466689.2256";"0"
225;2.16428;"1619466688.9756";"0"
227;2.1566;"1619466689.4756";"0"
228;2.15531;"1619466689.7256";"0"
229;2.163;"1619466689.9756";"0"
231;2.15531;"1619466690.4756";"0"
233;2.15531;"1619466690.9756";"0"
234;2.15019;"1619466691.2256";"0"
232;2.1566;"1619466690.7256";"0"
230;2.15916;"1619466690.2256";"0"
240;2.13994;"1619466692.7256";"0"
238;2.14378;"1619466692.2256";"0"
235;2.14891;"1619466691.4756";"0"
236;2.15147;"1619466691.7256";"0"
237;2.14891;"1619466691.9756";"0"
239;2.15019;"1619466692.4756";"0"
244;2.13994;"1619466693.7256";"0"
243;2.13866;"1619466693.4756";"0"
245;2.1361;"1619466693.9756";"0"
242;2.1361;"1619466693.2256";"0"
246;2.13866;"1619466694.2256";"0"
241;2.13994;"1619466692.9756";"0"
249;2.13354;"1619466694.9756";"0"
251;2.13226;"1619466695.4756";"0"
252;2.13097;"1619466695.7256";"0"
247;2.13994;"1619466694.4756";"0"
250;2.13354;"1619466695.2256";"0"
248;2.13994;"1619466694.7256";"0"
255;2.13738;"1619466696.4756";"0"
257;2.13226;"1619466696.9756";"0"
256;2.13738;"1619466696.7256";"0"
253;2.1361;"1619466695.9756";"0"
258;2.12969;"1619466697.2256";"0"
254;2.13226;"1619466696.2256";"0"
259;2.12457;"1619466697.4756";"0"
263;2.13226;"1619466698.4756";"0"
264;2.15019;"1619466698.7256";"0"
262;2.1361;"1619466698.2256";"0"
261;2.12585;"1619466697.9756";"0"
260;2.12585;"1619466697.7256";"0"
267;2.20656;"1619466699.4756";"0"
269;2.23218;"1619466699.9756";"0"
265;2.16428;"1619466698.9756";"0"
270;2.22705;"1619466700.2256";"0"
268;2.21937;"1619466699.7256";"0"
266;2.18606;"1619466699.2256";"0"
271;2.22833;"1619466700.4756";"0"
274;2.21424;"1619466701.2256";"0"
276;2.2104;"1619466701.7256";"0"
272;2.22577;"1619466700.7256";"0"
273;2.21937;"1619466700.9756";"0"
275;2.2104;"1619466701.4756";"0"
278;2.19887;"1619466702.2256";"0"
280;2.19374;"1619466702.7256";"0"
277;2.20143;"1619466701.9756";"0"
281;2.1899;"1619466702.9756";"0"
279;2.19374;"1619466702.4756";"0"
282;2.18222;"1619466703.2256";"0"
284;2.18478;"1619466703.7256";"0"
285;2.17325;"1619466703.9756";"0"
286;2.17325;"1619466704.2256";"0"
283;2.18734;"1619466703.4756";"0"
288;2.17453;"1619466704.7256";"0"
287;2.16941;"1619466704.4756";"0"
291;2.17325;"1619466705.4756";"0"
289;2.17453;"1619466704.9756";"0"
290;2.17325;"1619466705.2256";"0"
292;2.16941;"1619466705.7256";"0"
294;2.17069;"1619466706.2256";"0"
293;2.17197;"1619466705.9756";"0"
297;2.17453;"1619466706.9756";"0"
298;2.16812;"1619466707.2256";"0"
296;2.17197;"1619466706.7256";"0"
299;2.16172;"1619466707.4756";"0"
300;2.16428;"1619466707.7256";"0"
295;2.17453;"1619466706.4756";"0"
305;2.16428;"1619466708.9756";"0"
302;2.163;"1619466708.2256";"0"
304;2.15788;"1619466708.7256";"0"
301;2.16044;"1619466707.9756";"0"
306;2.15531;"1619466709.2256";"0"
303;2.1566;"1619466708.4756";"0"
307;2.1566;"1619466709.4756";"0"
309;2.15531;"1619466709.9756";"0"
310;2.15275;"1619466710.2256";"0"
312;2.15403;"1619466710.7256";"0"
308;2.15788;"1619466709.7256";"0"
311;2.15275;"1619466710.4756";"0"
313;2.14507;"1619466710.9756";"0"
316;2.14122;"1619466711.7256";"0"
314;2.14378;"1619466711.2256";"0"
317;2.14378;"1619466711.9756";"0"
315;2.13994;"1619466711.4756";"0"
318;2.14763;"1619466712.2256";"0"
321;2.1361;"1619466712.9756";"0"
322;2.13738;"1619466713.2256";"0"
323;2.13866;"1619466713.4756";"0"
324;2.13994;"1619466713.7256";"0"
319;2.13994;"1619466712.4756";"0"
320;2.1425;"1619466712.7256";"0"
327;2.14122;"1619466714.4756";"0"
325;2.13994;"1619466713.9756";"0"
330;2.13226;"1619466715.2256";"0"
329;2.13354;"1619466714.9756";"0"
326;2.13354;"1619466714.2256";"0"
328;2.13738;"1619466714.7256";"0"
334;2.13354;"1619466716.2256";"0"
332;2.1361;"1619466715.7256";"0"
335;2.12585;"1619466716.4756";"0"
336;2.12329;"1619466716.7256";"0"
333;2.13738;"1619466715.9756";"0"
331;2.1361;"1619466715.4756";"0"
338;2.1156;"1619466717.2256";"0"
337;2.11688;"1619466716.9756";"0"
340;2.11176;"1619466717.7256";"0"
339;2.11688;"1619466717.4756";"0"
341;2.1092;"1619466717.9756";"0"
342;2.10792;"1619466718.2256";"0"
345;2.10279;"1619466718.9756";"0"
346;2.10151;"1619466719.2256";"0"
348;2.09767;"1619466719.7256";"0"
347;2.10407;"1619466719.4756";"0"
344;2.10792;"1619466718.7256";"0"
343;2.10407;"1619466718.4756";"0"
354;2.11816;"1619466721.2256";"0"
351;2.10407;"1619466720.4756";"0"
353;2.11945;"1619466720.9756";"0"
350;2.09895;"1619466720.2256";"0"
349;2.10023;"1619466719.9756";"0"
352;2.10664;"1619466720.7256";"0"
355;2.12585;"1619466721.4756";"0"
357;2.12841;"1619466721.9756";"0"
358;2.13226;"1619466722.2256";"0"
359;2.12457;"1619466722.4756";"0"
356;2.12713;"1619466721.7256";"0"
360;2.12841;"1619466722.7256";"0"
362;2.12713;"1619466723.2256";"0"
364;2.13097;"1619466723.7256";"0"
366;2.12969;"1619466724.2256";"0"
365;2.13994;"1619466723.9756";"0"
363;2.12713;"1619466723.4756";"0"
361;2.13097;"1619466722.9756";"0"
367;2.13482;"1619466724.4756";"0"
371;2.12201;"1619466725.4756";"0"
370;2.12585;"1619466725.2256";"0"
372;2.11945;"1619466725.7256";"0"
369;2.12969;"1619466724.9756";"0"
368;2.12585;"1619466724.7256";"0"
374;2.12073;"1619466726.2256";"0"
375;2.1156;"1619466726.4756";"0"
378;2.11176;"1619466727.2256";"0"
377;2.11688;"1619466726.9756";"0"
373;2.12329;"1619466725.9756";"0"
376;2.1156;"1619466726.7256";"0"
380;2.10535;"1619466727.7256";"0"
384;2.1092;"1619466728.7256";"0"
381;2.10151;"1619466727.9756";"0"
383;2.10792;"1619466728.4756";"0"
382;2.10664;"1619466728.2256";"0"
379;2.1092;"1619466727.4756";"0"
385;2.1092;"1619466728.9756";"0"
387;2.10664;"1619466729.4756";"0"
389;2.10407;"1619466729.9756";"0"
386;2.10535;"1619466729.2256";"0"
390;2.10023;"1619466730.2256";"0"
388;2.1092;"1619466729.7256";"0"
391;2.10535;"1619466730.4756";"0"
394;2.09767;"1619466731.2256";"0"
395;2.09511;"1619466731.4756";"0"
392;2.10023;"1619466730.7256";"0"
393;2.09767;"1619466730.9756";"0"
396;2.10151;"1619466731.7256";"0"
398;2.10023;"1619466732.2256";"0"
402;2.09126;"1619466733.2256";"0"
400;2.09639;"1619466732.7256";"0"
401;2.09126;"1619466732.9756";"0"
397;2.09383;"1619466731.9756";"0"
399;2.10023;"1619466732.4756";"0"
408;2.10535;"1619466734.7256";"0"
404;2.09511;"1619466733.7256";"0"
403;2.09767;"1619466733.4756";"0"
407;2.10279;"1619466734.4756";"0"
405;2.10151;"1619466733.9756";"0"
406;2.09895;"1619466734.2256";"0"
411;2.10151;"1619466735.4756";"0"
410;2.10792;"1619466735.2256";"0"
413;2.10535;"1619466735.9756";"0"
409;2.10792;"1619466734.9756";"0"
414;2.09895;"1619466736.2256";"0"
412;2.10664;"1619466735.7256";"0"
417;2.09126;"1619466736.9756";"0"
419;2.09383;"1619466737.4756";"0"
415;2.09126;"1619466736.4756";"0"
416;2.09254;"1619466736.7256";"0"
418;2.0887;"1619466737.2256";"0"
420;2.08486;"1619466737.7256";"0"
424;2.0887;"1619466738.7256";"0"
422;2.08358;"1619466738.2256";"0"
423;2.08486;"1619466738.4756";"0"
426;2.0887;"1619466739.2256";"0"
421;2.08742;"1619466737.9756";"0"
425;2.08101;"1619466738.9756";"0"
429;2.08614;"1619466739.9756";"0"
428;2.07973;"1619466739.7256";"0"
430;2.07973;"1619466740.2256";"0"
431;2.0823;"1619466740.4756";"0"
427;2.08998;"1619466739.4756";"0"
432;2.08101;"1619466740.7256";"0"
434;2.07461;"1619466741.2256";"0"
438;2.07973;"1619466742.2256";"0"
436;2.07461;"1619466741.7256";"0"
435;2.07333;"1619466741.4756";"0"
437;2.07845;"1619466741.9756";"0"
433;2.0823;"1619466740.9756";"0"
442;2.08358;"1619466743.2256";"0"
440;2.0823;"1619466742.7256";"0"
439;2.07717;"1619466742.4756";"0"
443;2.08998;"1619466743.4756";"0"
441;2.07845;"1619466742.9756";"0"
444;2.09895;"1619466743.7256";"0"
449;2.09383;"1619466744.9756";"0"
445;2.09895;"1619466743.9756";"0"
446;2.09511;"1619466744.2256";"0"
447;2.09254;"1619466744.4756";"0"
448;2.09767;"1619466744.7256";"0"
450;2.09511;"1619466745.2256";"0"
454;2.08998;"1619466746.2256";"0"
456;2.08742;"1619466746.7256";"0"
452;2.09383;"1619466745.7256";"0"
455;2.08742;"1619466746.4756";"0"
451;2.09254;"1619466745.4756";"0"
453;2.0887;"1619466745.9756";"0"
457;2.08358;"1619466746.9756";"0"
461;2.08486;"1619466747.9756";"0"
458;2.08101;"1619466747.2256";"0"
460;2.09126;"1619466747.7256";"0"
459;2.09126;"1619466747.4756";"0"
462;2.08998;"1619466748.2256";"0"
467;2.08101;"1619466749.4756";"0"
464;2.07717;"1619466748.7256";"0"
466;2.07973;"1619466749.2256";"0"
463;2.08358;"1619466748.4756";"0"
465;2.08101;"1619466748.9756";"0"
468;2.07717;"1619466749.7256";"0"
469;2.07205;"1619466749.9756";"0"
471;2.07461;"1619466750.4756";"0"
472;2.07461;"1619466750.7256";"0"
470;2.07205;"1619466750.2256";"0"
474;2.07077;"1619466751.2256";"0"
473;2.07205;"1619466750.9756";"0"
480;2.05796;"1619466752.7256";"0"
475;2.06692;"1619466751.4756";"0"
478;2.06436;"1619466752.2256";"0"
477;2.06436;"1619466751.9756";"0"
479;2.05924;"1619466752.4756";"0"
476;2.06564;"1619466751.7256";"0"
486;2.06436;"1619466754.2256";"0"
484;2.06692;"1619466753.7256";"0"
481;2.06949;"1619466752.9756";"0"
483;2.07205;"1619466753.4756";"0"
482;2.0618;"1619466753.2256";"0"
485;2.06564;"1619466753.9756";"0"
492;2.07205;"1619466755.7256";"0"
490;2.07077;"1619466755.2256";"0"
488;2.06692;"1619466754.7256";"0"
491;2.0682;"1619466755.4756";"0"
487;2.0682;"1619466754.4756";"0"
489;2.06564;"1619466754.9756";"0"
493;2.0682;"1619466755.9756";"0"
495;2.06692;"1619466756.4756";"0"
496;2.06949;"1619466756.7256";"0"
497;2.06692;"1619466756.9756";"0"
494;2.0682;"1619466756.2256";"0"
498;2.06052;"1619466757.2256";"0"
504;2.10535;"1619466758.7256";"0"
501;2.06692;"1619466757.9756";"0"
503;2.09383;"1619466758.4756";"0"
502;2.07717;"1619466758.2256";"0"
500;2.06308;"1619466757.7256";"0"
499;2.06308;"1619466757.4756";"0"
505;2.11176;"1619466758.9756";"0"
510;2.11176;"1619466760.2256";"0"
508;2.11945;"1619466759.7256";"0"
506;2.11816;"1619466759.2256";"0"
507;2.11945;"1619466759.4756";"0"
509;2.11432;"1619466759.9756";"0"
516;2.14378;"1619466761.7256";"0"
514;2.12713;"1619466761.2256";"0"
513;2.12457;"1619466760.9756";"0"
515;2.13994;"1619466761.4756";"0"
511;2.1156;"1619466760.4756";"0"
512;2.11048;"1619466760.7256";"0"
520;2.163;"1619466762.7256";"0"
522;2.17453;"1619466763.2256";"0"
519;2.163;"1619466762.4756";"0"
521;2.16172;"1619466762.9756";"0"
518;2.16044;"1619466762.2256";"0"
517;2.15916;"1619466761.9756";"0"
526;2.27445;"1619466764.2256";"0"
524;2.22833;"1619466763.7256";"0"
527;2.29495;"1619466764.4756";"0"
525;2.2578;"1619466763.9756";"0"
528;2.30135;"1619466764.7256";"0"
523;2.19246;"1619466763.4756";"0"
534;2.26292;"1619466766.2256";"0"
529;2.3116;"1619466764.9756";"0"
531;2.28598;"1619466765.4756";"0"
532;2.27445;"1619466765.7256";"0"
533;2.26676;"1619466765.9756";"0"
530;2.29623;"1619466765.2256";"0"
538;2.23474;"1619466767.2256";"0"
537;2.24499;"1619466766.9756";"0"
539;2.22833;"1619466767.4756";"0"
536;2.24755;"1619466766.7256";"0"
535;2.24883;"1619466766.4756";"0"
540;2.22833;"1619466767.7256";"0"
545;2.318;"1619466768.9756";"0"
544;2.30263;"1619466768.7256";"0"
541;2.23602;"1619466767.9756";"0"
543;2.28085;"1619466768.4756";"0"
546;2.32441;"1619466769.2256";"0"
542;2.25395;"1619466768.2256";"0"
547;2.33466;"1619466769.4756";"0"
548;2.33594;"1619466769.7256";"0"
549;2.33338;"1619466769.9756";"0"
551;2.3116;"1619466770.4756";"0"
550;2.32697;"1619466770.2256";"0"
552;2.30391;"1619466770.7256";"0"
554;2.30519;"1619466771.2256";"0"
553;2.30263;"1619466770.9756";"0"
556;2.30647;"1619466771.7256";"0"
555;2.30007;"1619466771.4756";"0"
557;2.30391;"1619466771.9756";"0"
558;2.30519;"1619466772.2256";"0"
563;2.29366;"1619466773.4756";"0"
560;2.30135;"1619466772.7256";"0"
561;2.30135;"1619466772.9756";"0"
562;2.30135;"1619466773.2256";"0"
564;2.28982;"1619466773.7256";"0"
559;2.30519;"1619466772.4756";"0"
566;2.27317;"1619466774.2256";"0"
570;2.27701;"1619466775.2256";"0"
567;2.27701;"1619466774.4756";"0"
568;2.27573;"1619466774.7256";"0"
569;2.27445;"1619466774.9756";"0"
565;2.27701;"1619466773.9756";"0"
571;2.27445;"1619466775.4756";"0"
575;2.27829;"1619466776.4756";"0"
573;2.27317;"1619466775.9756";"0"
574;2.27573;"1619466776.2256";"0"
576;2.28342;"1619466776.7256";"0"
572;2.26676;"1619466775.7256";"0"
578;2.27317;"1619466777.2256";"0"
577;2.28342;"1619466776.9756";"0"
580;2.27061;"1619466777.7256";"0"
579;2.27701;"1619466777.4756";"0"
581;2.26036;"1619466777.9756";"0"
582;2.25395;"1619466778.2256";"0"
586;2.24627;"1619466779.2256";"0"
584;2.25139;"1619466778.7256";"0"
588;2.24114;"1619466779.7256";"0"
585;2.24627;"1619466778.9756";"0"
583;2.25011;"1619466778.4756";"0"
587;2.24114;"1619466779.4756";"0"
593;2.23218;"1619466780.9756";"0"
590;2.23089;"1619466780.2256";"0"
591;2.2373;"1619466780.4756";"0"
594;2.22321;"1619466781.2256";"0"
592;2.2373;"1619466780.7256";"0"
589;2.2373;"1619466779.9756";"0"
596;2.22961;"1619466781.7256";"0"
597;2.22577;"1619466781.9756";"0"
600;2.22449;"1619466782.7256";"0"
595;2.22833;"1619466781.4756";"0"
598;2.22321;"1619466782.2256";"0"
599;2.22193;"1619466782.4756";"0"
606;2.23218;"1619466784.2256";"0"
605;2.22833;"1619466783.9756";"0"
603;2.22577;"1619466783.4756";"0"
601;2.22193;"1619466782.9756";"0"
602;2.22449;"1619466783.2256";"0"
604;2.22193;"1619466783.7256";"0"
612;2.4192;"1619466785.7256";"0"
611;2.39999;"1619466785.4756";"0"
607;2.25523;"1619466784.4756";"0"
610;2.36156;"1619466785.2256";"0"
608;2.29238;"1619466784.7256";"0"
609;2.32313;"1619466784.9756";"0"
618;2.39131;"1619466787.2256";"0"
617;2.40028;"1619466786.9756";"0"
616;2.41565;"1619466786.7256";"0"
615;2.42462;"1619466786.4756";"0"
613;2.4333;"1619466785.9756";"0"
614;2.43231;"1619466786.2256";"0"
619;2.36826;"1619466787.4756";"0"
622;2.34135;"1619466788.2256";"0"
621;2.35288;"1619466787.9756";"0"
623;2.34264;"1619466788.4756";"0"
620;2.36185;"1619466787.7256";"0"
624;2.34392;"1619466788.7256";"0"
626;2.3452;"1619466789.2256";"0"
629;2.36954;"1619466789.9756";"0"
625;2.3452;"1619466788.9756";"0"
628;2.35032;"1619466789.7256";"0"
630;2.38491;"1619466790.2256";"0"
627;2.35288;"1619466789.4756";"0"
631;2.41309;"1619466790.4756";"0"
634;2.41693;"1619466791.2256";"0"
633;2.4259;"1619466790.9756";"0"
636;2.40925;"1619466791.7256";"0"
635;2.41693;"1619466791.4756";"0"
632;2.41565;"1619466790.7256";"0"
637;2.399;"1619466791.9756";"0"
640;2.3785;"1619466792.7256";"0"
641;2.36697;"1619466792.9756";"0"
642;2.36569;"1619466793.2256";"0"
638;2.39388;"1619466792.2256";"0"
639;2.38363;"1619466792.4756";"0"
643;2.36313;"1619466793.4756";"0"
645;2.35416;"1619466793.9756";"0"
644;2.35801;"1619466793.7256";"0"
647;2.36185;"1619466794.4756";"0"
648;2.36313;"1619466794.7256";"0"
646;2.36057;"1619466794.2256";"0"
653;2.34904;"1619466795.9756";"0"
649;2.35673;"1619466794.9756";"0"
652;2.35032;"1619466795.7256";"0"
650;2.34776;"1619466795.2256";"0"
651;2.35545;"1619466795.4756";"0"
654;2.35929;"1619466796.2256";"0"
658;2.45921;"1619466797.2256";"0"
655;2.36441;"1619466796.4756";"0"
659;2.50917;"1619466797.4756";"0"
657;2.42206;"1619466796.9756";"0"
656;2.38619;"1619466796.7256";"0"
660;2.55657;"1619466797.7256";"0"
661;2.57962;"1619466797.9756";"0"
662;2.58987;"1619466798.2256";"0"
664;2.6014;"1619466798.7256";"0"
663;2.59884;"1619466798.4756";"0"
665;2.62062;"1619466798.9756";"0"
666;2.62958;"1619466799.2256";"0"
667;2.64624;"1619466799.4756";"0"
671;2.65392;"1619466800.4756";"0"
672;2.64752;"1619466800.7256";"0"
668;2.66033;"1619466799.7256";"0"
670;2.65777;"1619466800.2256";"0"
669;2.66673;"1619466799.9756";"0"
678;2.55657;"1619466802.2256";"0"
673;2.6283;"1619466800.9756";"0"
674;2.61421;"1619466801.2256";"0"
676;2.58219;"1619466801.7256";"0"
675;2.60012;"1619466801.4756";"0"
677;2.5681;"1619466801.9756";"0"
681;2.53991;"1619466802.9756";"0"
682;2.53223;"1619466803.2256";"0"
679;2.54888;"1619466802.4756";"0"
680;2.54119;"1619466802.7256";"0"
683;2.53479;"1619466803.4756";"0"
684;2.52838;"1619466803.7256";"0"
688;2.51173;"1619466804.7256";"0"
685;2.52454;"1619466803.9756";"0"
686;2.51814;"1619466804.2256";"0"
689;2.50533;"1619466804.9756";"0"
687;2.51429;"1619466804.4756";"0"
690;2.50917;"1619466805.2256";"0"
692;2.51173;"1619466805.7256";"0"
695;2.51045;"1619466806.4756";"0"
693;2.50789;"1619466805.9756";"0"
691;2.51045;"1619466805.4756";"0"
694;2.50789;"1619466806.2256";"0"
696;2.53479;"1619466806.7256";"0"
698;2.57322;"1619466807.2256";"0"
699;2.58859;"1619466807.4756";"0"
702;2.62062;"1619466808.2256";"0"
697;2.554;"1619466806.9756";"0"
700;2.60396;"1619466807.7256";"0"
701;2.61037;"1619466807.9756";"0"
704;2.60653;"1619466808.7256";"0"
703;2.6219;"1619466808.4756";"0"
706;2.59115;"1619466809.2256";"0"
705;2.6014;"1619466808.9756";"0"
707;2.59628;"1619466809.4756";"0"
708;2.58987;"1619466809.7256";"0"
709;2.58219;"1619466809.9756";"0"
711;2.57066;"1619466810.4756";"0"
713;2.58475;"1619466810.9756";"0"
714;2.59115;"1619466811.2256";"0"
712;2.57194;"1619466810.7256";"0"
710;2.5745;"1619466810.2256";"0"
717;2.60525;"1619466811.9756";"0"
718;2.6014;"1619466812.2256";"0"
719;2.59243;"1619466812.4756";"0"
720;2.58475;"1619466812.7256";"0"
716;2.60268;"1619466811.7256";"0"
715;2.59243;"1619466811.4756";"0"
726;2.5681;"1619466814.2256";"0"
724;2.57066;"1619466813.7256";"0"
721;2.58475;"1619466812.9756";"0"
723;2.58091;"1619466813.4756";"0"
725;2.5745;"1619466813.9756";"0"
722;2.57834;"1619466813.2256";"0"
730;2.55913;"1619466815.2256";"0"
728;2.56681;"1619466814.7256";"0"
731;2.56041;"1619466815.4756";"0"
727;2.56425;"1619466814.4756";"0"
729;2.56169;"1619466814.9756";"0"
732;2.55785;"1619466815.7256";"0"
734;2.55272;"1619466816.2256";"0"
737;2.55016;"1619466816.9756";"0"
733;2.55913;"1619466815.9756";"0"
738;2.55144;"1619466817.2256";"0"
735;2.5476;"1619466816.4756";"0"
736;2.55016;"1619466816.7256";"0"
744;2.5681;"1619466818.7256";"0"
739;2.54632;"1619466817.4756";"0"
740;2.5476;"1619466817.7256";"0"
743;2.55144;"1619466818.4756";"0"
741;2.54247;"1619466817.9756";"0"
742;2.5476;"1619466818.2256";"0"
746;2.62702;"1619466819.2256";"0"
749;2.6757;"1619466819.9756";"0"
748;2.66417;"1619466819.7256";"0"
747;2.64239;"1619466819.4756";"0"
745;2.59372;"1619466818.9756";"0"
750;2.6693;"1619466820.2256";"0"
753;2.64239;"1619466820.9756";"0"
754;2.63599;"1619466821.2256";"0"
756;2.6219;"1619466821.7256";"0"
755;2.63471;"1619466821.4756";"0"
751;2.66289;"1619466820.4756";"0"
752;2.64624;"1619466820.7256";"0"
757;2.61806;"1619466821.9756";"0"
762;2.73847;"1619466823.2256";"0"
759;2.6488;"1619466822.4756";"0"
760;2.67186;"1619466822.7256";"0"
761;2.7026;"1619466822.9756";"0"
758;2.6219;"1619466822.2256";"0"
765;2.8243;"1619466823.9756";"0"
764;2.82558;"1619466823.7256";"0"
767;2.95112;"1619466824.4756";"0"
763;2.78331;"1619466823.4756";"0"
766;2.85504;"1619466824.2256";"0"
768;3.04779;"1619466824.7256";"0"
771;3.23482;"1619466825.4756";"0"
772;3.23482;"1619466825.7256";"0"
774;3.22329;"1619466826.2256";"0"
770;3.2092;"1619466825.2256";"0"
769;3.12209;"1619466824.9756";"0"
773;3.24378;"1619466825.9756";"0"
776;3.17205;"1619466826.7256";"0"
778;3.11184;"1619466827.2256";"0"
779;3.09134;"1619466827.4756";"0"
780;3.06316;"1619466827.7256";"0"
775;3.20151;"1619466826.4756";"0"
777;3.1413;"1619466826.9756";"0"
783;3.02089;"1619466828.4756";"0"
786;3.00167;"1619466829.2256";"0"
784;3.0132;"1619466828.7256";"0"
781;3.04266;"1619466827.9756";"0"
785;3.01064;"1619466828.9756";"0"
782;3.02857;"1619466828.2256";"0"
791;2.96836;"1619466830.4756";"0"
790;2.97093;"1619466830.2256";"0"
792;2.95555;"1619466830.7256";"0"
789;2.97349;"1619466829.9756";"0"
788;2.98374;"1619466829.7256";"0"
787;2.98886;"1619466829.4756";"0"
794;2.94787;"1619466831.2256";"0"
797;2.93634;"1619466831.9756";"0"
798;2.93121;"1619466832.2256";"0"
796;2.92865;"1619466831.7256";"0"
793;2.94787;"1619466830.9756";"0"
795;2.93634;"1619466831.4756";"0"
801;2.95683;"1619466832.9756";"0"
800;2.94018;"1619466832.7256";"0"
802;2.96708;"1619466833.2256";"0"
804;2.97861;"1619466833.7256";"0"
799;2.93249;"1619466832.4756";"0"
803;2.97861;"1619466833.4756";"0"
808;3.0337;"1619466834.7256";"0"
810;3.06188;"1619466835.2256";"0"
807;3.01832;"1619466834.4756";"0"
806;2.99142;"1619466834.2256";"0"
809;3.05163;"1619466834.9756";"0"
805;2.97605;"1619466833.9756";"0"
814;3.03241;"1619466836.2256";"0"
811;3.07341;"1619466835.4756";"0"
816;3.00679;"1619466836.7256";"0"
815;3.01576;"1619466836.4756";"0"
812;3.06828;"1619466835.7256";"0"
813;3.04522;"1619466835.9756";"0"
820;2.96452;"1619466837.7256";"0"
817;2.99655;"1619466836.9756";"0"
818;2.98374;"1619466837.2256";"0"
821;2.95812;"1619466837.9756";"0"
819;2.97733;"1619466837.4756";"0"
822;2.95555;"1619466838.2256";"0"
827;2.77493;"1619466839.4756";"0"
828;2.77877;"1619466839.7256";"0"
824;2.93121;"1619466838.7256";"0"
823;2.94915;"1619466838.4756";"0"
825;2.87741;"1619466838.9756";"0"
826;2.83129;"1619466839.2256";"0"
829;2.83642;"1619466839.9756";"0"
830;2.90175;"1619466840.2256";"0"
833;3.12721;"1619466840.9756";"0"
832;3.05035;"1619466840.7256";"0"
834;3.13105;"1619466841.2256";"0"
831;2.9927;"1619466840.4756";"0"
837;3.1208;"1619466841.9756";"0"
836;3.14258;"1619466841.7256";"0"
838;3.10031;"1619466842.2256";"0"
839;3.0875;"1619466842.4756";"0"
835;3.15411;"1619466841.4756";"0"
840;3.08366;"1619466842.7256";"0"
841;3.09262;"1619466842.9756";"0"
842;3.12977;"1619466843.2256";"0"
843;3.17461;"1619466843.4756";"0"
844;3.21176;"1619466843.7256";"0"
846;3.27197;"1619466844.2256";"0"
845;3.2361;"1619466843.9756";"0"
850;3.60848;"1619466845.2256";"0"
847;3.34755;"1619466844.4756";"0"
849;3.54315;"1619466844.9756";"0"
852;3.73018;"1619466845.7256";"0"
851;3.69431;"1619466845.4756";"0"
848;3.44618;"1619466844.7256";"0"
857;3.61233;"1619466846.9756";"0"
858;3.59311;"1619466847.2256";"0"
856;3.64051;"1619466846.7256";"0"
855;3.67766;"1619466846.4756";"0"
854;3.71481;"1619466846.2256";"0"
853;3.74555;"1619466845.9756";"0"
864;3.50857;"1619466848.7256";"0"
861;3.53547;"1619466847.9756";"0"
859;3.57646;"1619466847.4756";"0"
860;3.56237;"1619466847.7256";"0"
862;3.506;"1619466848.2256";"0"
863;3.49575;"1619466848.4756";"0"
865;3.53675;"1619466848.9756";"0"
866;3.57005;"1619466849.2256";"0"
870;3.55981;"1619466850.2256";"0"
869;3.57902;"1619466849.9756";"0"
867;3.58286;"1619466849.4756";"0"
868;3.58158;"1619466849.7256";"0"
876;3.48038;"1619466851.7256";"0"
874;3.49704;"1619466851.2256";"0"
872;3.52394;"1619466850.7256";"0"
873;3.50985;"1619466850.9756";"0"
871;3.54059;"1619466850.4756";"0"
875;3.49063;"1619466851.4756";"0"
877;3.4727;"1619466851.9756";"0"
878;3.45861;"1619466852.2256";"0"
879;3.44708;"1619466852.4756";"0"
880;3.43683;"1619466852.7256";"0"
881;3.43298;"1619466852.9756";"0"
882;3.40993;"1619466853.2256";"0"
883;3.39327;"1619466853.4756";"0"
885;3.36381;"1619466853.9756";"0"
886;3.351;"1619466854.2256";"0"
884;3.37406;"1619466853.7256";"0"
887;3.38431;"1619466854.4756";"0"
888;3.39199;"1619466854.7256";"0"
892;3.32794;"1619466855.7256";"0"
891;3.33307;"1619466855.4756";"0"
894;3.30104;"1619466856.2256";"0"
893;3.31769;"1619466855.9756";"0"
890;3.36637;"1619466855.2256";"0"
889;3.38174;"1619466854.9756";"0"
